{
  "$schema": "https://schema.management.azure.com/schemas/2018-05-01/subscriptionDeploymentTemplate.json#",
  "contentVersion": "1.0.0.0",
  "parameters": {
    "resourceGroupName": {
      "type": "string",
      "defaultValue": "ZAD1",
      "metadata": {
        "_parameterType": "resourceGroup",
        "description": "Nazwa grupy zasobów dla zasobu. Zaleca się umieszczanie zasobów w tej samej grupie zasobów, aby ułatwić śledzenie."
      }
    },
    "resourceGroupLocation": {
      "type": "string",
      "defaultValue": "westus3",
      "metadata": {
        "_parameterType": "location",
        "description": "Lokalizacja grupy zasobów. Grupy zasobów mogą mieć inną lokalizację niż zasoby."
      }
    },
    "resourceLocation": {
      "type": "string",
      "defaultValue": "[parameters('resourceGroupLocation')]",
      "metadata": {
        "_parameterType": "location",
        "description": "Lokalizacja zasobu. Domyślnie jest używana lokalizacja grupy zasobów, chyba że dostawca zasobów nie jest tam obsługiwany."
      }
    }
  },
  "resources": [
    {
      "type": "Microsoft.Resources/resourceGroups",
      "name": "[parameters('resourceGroupName')]",
      "location": "[parameters('resourceGroupLocation')]",
      "apiVersion": "2019-10-01"
    },
    {
      "type": "Microsoft.Resources/deployments",
      "name": "[concat(parameters('resourceGroupName'), 'Deployment', uniqueString(concat('zad1b9b9', subscription().subscriptionId)))]",
      "resourceGroup": "[parameters('resourceGroupName')]",
      "apiVersion": "2019-10-01",
      "dependsOn": [
        "[parameters('resourceGroupName')]"
      ],
      "properties": {
        "mode": "Incremental",
        "template": {
          "$schema": "https://schema.management.azure.com/schemas/2019-04-01/deploymentTemplate.json#",
          "contentVersion": "1.0.0.0",
          "resources": [
            {
              "sku": {
                "name": "Standard_LRS",
                "tier": "Standard"
              },
              "kind": "Storage",
              "name": "zad1b9b9",
              "type": "Microsoft.Storage/storageAccounts",
              "location": "[parameters('resourceLocation')]",
              "apiVersion": "2017-10-01"
            }
          ]
        }
      }
    }
  ],
  "metadata": {
    "_dependencyType": "storage.azure"
  }
}